  1.36	6248	6248	U	0	unclassified
 98.64	453722	2148	R	1	root
 98.17	451572	0	R1	131567	  cellular organisms
 92.87	427196	332	D	2	    Bacteria
 64.18	295194	168	D1	1783272	      Terrabacteria group
 64.11	294891	773	P	1239	        Bacillota
 40.49	186243	5238	C	186801	          Clostridia
 22.96	105609	0	O	3085636	            Lachnospirales
 22.96	105607	5651	F	186803	              Lachnospiraceae
 20.90	96125	6018	G	841	                Roseburia
 19.04	87575	73253	S	166486	                  Roseburia intestinalis
  1.65	7591	7591	S1	718255	                    Roseburia intestinalis XB6B4
  1.45	6670	6670	S1	657315	                    Roseburia intestinalis M50/1
  0.01	61	61	S1	536231	                    Roseburia intestinalis L1-82
  0.43	1972	1972	S	2763062	                  Roseburia rectibacter
  0.09	424	424	S	301301	                  Roseburia hominis
  0.03	136	0	G1	2637578	                  unclassified Roseburia
  0.02	104	104	S	1261634	                    Roseburia sp. 499
  0.01	32	32	S	1261635	                    Roseburia sp. 831b
  0.26	1216	0	G	1766253	                Agathobacter
  0.26	1216	943	S	39491	                  Agathobacter rectalis
  0.04	164	164	S1	657318	                    Agathobacter rectalis DSM 17629
  0.02	108	108	S1	657317	                    Agathobacter rectalis M104/1
  0.00	1	1	S1	515619	                    Agathobacter rectalis ATCC 33656
  0.12	557	0	G	207244	                Anaerostipes
  0.12	556	553	S	649756	                  Anaerostipes hadrus
  0.00	3	3	S1	649757	                    Anaerostipes hadrus ATCC 29173 = JCM 17467
  0.00	1	1	S	105841	                  Anaerostipes caccae
  0.08	374	4	G	2719313	                Enterocloster
  0.07	320	320	S	208479	                  Enterocloster bolteae
  0.01	49	49	S	1531	                  Enterocloster clostridioformis
  0.00	1	0	S	333367	                  Enterocloster asparagiformis
  0.00	1	1	S1	518636	                    [Clostridium] asparagiforme DSM 15981
  0.08	346	0	G	2944193	                Simiaoa
  0.08	346	346	S	2763672	                  Simiaoa sunii
  0.06	272	19	G	572511	                Blautia
  0.02	91	91	S	89014	                  Blautia luti
  0.01	60	10	S	40520	                  Blautia obeum
  0.01	38	38	S1	657314	                    Blautia obeum A2-162
  0.00	12	12	S1	411459	                    Blautia obeum ATCC 29174
  0.01	24	0	S	418240	                  Blautia wexlerae
  0.01	24	24	S1	1121115	                    Blautia wexlerae DSM 19850
  0.01	23	0	S	1322	                  Blautia hansenii
  0.01	23	23	S1	537007	                    Blautia hansenii DSM 20583
  0.00	13	13	S	1532	                  Blautia coccoides
  0.00	12	12	S	33035	                  Blautia producta
  0.00	11	11	S	2779518	                  Blautia liquoris
  0.00	9	9	S	1796616	                  Blautia pseudococcoides
  0.00	5	5	S	1912897	                  Blautia argi
  0.00	5	0	G1	2648079	                  unclassified Blautia
  0.00	5	5	S	2479767	                    Blautia sp. SC05B48
  0.05	239	0	G	2944152	                Wujia
  0.05	239	239	S	2763670	                  Wujia chipingensis
  0.05	229	0	G	2569097	                Anaerobutyricum
  0.05	229	229	S	39488	                  Anaerobutyricum hallii
  0.03	158	1	G	2316020	                Mediterraneibacter
  0.02	76	7	S	33039	                  [Ruminococcus] torques
  0.02	69	69	S1	657313	                    [Ruminococcus] torques L2-14
  0.01	66	65	S	33038	                  Mediterraneibacter gnavus
  0.00	1	1	S1	411470	                    Mediterraneibacter gnavus ATCC 29149
  0.00	15	0	S	46228	                  [Ruminococcus] lactaris
  0.00	15	15	S1	471875	                    [Ruminococcus] lactaris ATCC 29176
  0.02	109	0	G	830	                Butyrivibrio
  0.02	105	105	S	45851	                  Butyrivibrio crossotus
  0.00	4	4	S	831	                  Butyrivibrio fibrisolvens
  0.01	68	0	G	189330	                Dorea
  0.01	58	58	S	88431	                  Dorea longicatena
  0.00	10	10	S	39486	                  Dorea formicigenerans
  0.01	61	0	G	28050	                Lachnospira
  0.01	61	61	S	39485	                  Lachnospira eligens
  0.01	46	0	G	1506553	                Lachnoclostridium
  0.01	39	39	S	29347	                  [Clostridium] scindens
  0.00	5	2	S	89153	                  [Clostridium] hylemonae
  0.00	3	3	S1	553973	                    [Clostridium] hylemonae DSM 15053
  0.00	2	2	S	1871021	                  Lachnoclostridium phocaeense
  0.01	44	0	G	33042	                Coprococcus
  0.00	15	15	S	410072	                  Coprococcus comes
  0.00	14	14	S	116085	                  Coprococcus catus
  0.00	13	11	S	33043	                  Coprococcus eutactus
  0.00	2	2	S1	411474	                    Coprococcus eutactus ATCC 27759
  0.00	2	0	G1	2684943	                  unclassified Coprococcus
  0.00	2	2	S	751585	                    Coprococcus sp. ART55/1
  0.01	29	0	G	2944195	                Qiania
  0.01	29	29	S	2763669	                  Qiania dongpingensis
  0.01	24	0	G	2719231	                Lacrimispora
  0.01	23	23	S	84030	                  Lacrimispora saccharolytica
  0.00	1	0	S	29370	                  Lacrimispora sphenoides
  0.00	1	1	S1	1297793	                    Lacrimispora sphenoides JCM 1415
  0.00	21	0	G	248744	                Marvinbryantia
  0.00	21	0	S	168384	                  Marvinbryantia formatexigens
  0.00	21	21	S1	478749	                    Marvinbryantia formatexigens DSM 14469
  0.00	17	0	G	1769710	                Sellimonas
  0.00	17	17	S	1653434	                  Sellimonas intestinalis
  0.00	7	0	G	3076670	                Claveliimonas
  0.00	7	7	S	3028070	                  Claveliimonas bilis
  0.00	3	0	G	2888809	                Novisyntrophococcus
  0.00	3	3	S	2068655	                  Novisyntrophococcus fermenticellae
  0.00	2	0	G	1843210	                Anaerocolumna
  0.00	2	0	G1	2642604	                  unclassified Anaerocolumna
  0.00	1	1	S	3070997	                    Anaerocolumna sp. MB42-C2
  0.00	1	1	S	3081750	                    Anaerocolumna sp. AGMB13020
  0.00	2	0	G	2944198	                Wansuia
  0.00	2	2	S	2763667	                  Wansuia hejianensis
  0.00	2	0	G	3031933	                Chordicoccus
  0.00	2	2	S	2709410	                  Chordicoccus furentiruminis
  0.00	2	0	G	1213720	                Stomatobaculum
  0.00	2	0	G1	2643635	                  unclassified Stomatobaculum
  0.00	2	2	S	3059030	                    Stomatobaculum sp. F0698
  0.00	2	0	G	1164882	                Lachnoanaerobaculum
  0.00	2	2	S	2490855	                  Lachnoanaerobaculum gingivalis
  0.00	1	0	G	46205	                Pseudobutyrivibrio
  0.00	1	1	S	185007	                  Pseudobutyrivibrio xylanivorans
  0.00	2	0	F	3018741	              Cellulosilyticaceae
  0.00	2	0	G	698776	                Cellulosilyticum
  0.00	2	0	G1	2643091	                  unclassified Cellulosilyticum
  0.00	2	2	S	2497860	                    Cellulosilyticum sp. WCF-2
 16.37	75315	307	O	186802	            Eubacteriales
 16.23	74652	571	F	216572	              Oscillospiraceae
 16.04	73792	23406	G	216851	                Faecalibacterium
 10.55	48515	48515	S	411483	                  Faecalibacterium duncaniae
  0.23	1049	925	S	853	                  Faecalibacterium prausnitzii
  0.02	78	78	S1	718252	                    Faecalibacterium prausnitzii L2-6
  0.01	46	46	S1	657322	                    Faecalibacterium prausnitzii SL3/3
  0.18	822	56	G1	2646395	                  unclassified Faecalibacterium
  0.06	256	256	S	2929489	                    Faecalibacterium sp. IP-3-29
  0.03	136	136	S	2929490	                    Faecalibacterium sp. I2-3-92
  0.02	88	88	S	2929493	                    Faecalibacterium sp. I3-3-89
  0.02	80	80	S	2929491	                    Faecalibacterium sp. HTF-F
  0.01	55	55	S	2929492	                    Faecalibacterium sp. I3-3-33
  0.01	54	54	S	2929494	                    Faecalibacterium sp. I4-1-79
  0.01	43	43	S	3030639	                    Faecalibacterium sp. CYL33
  0.01	31	31	S	2929488	                    Faecalibacterium sp. IP-1-18
  0.01	23	23	S	2929495	                    Faecalibacterium sp. I4-3-84
  0.02	72	0	G	2892396	                Vescimonas
  0.01	60	60	S	2714353	                  Vescimonas fastidiosa
  0.00	12	12	S	2714355	                  Vescimonas coprocola
  0.01	47	0	G	1905344	                Ruthenibacterium
  0.01	47	47	S	1550024	                  Ruthenibacterium lactatiformans
  0.01	45	0	G	1263	                Ruminococcus
  0.01	41	10	G1	2608920	                  unclassified Ruminococcus
  0.01	31	31	S	657323	                    Ruminococcus sp. SR1/5
  0.00	2	2	S	1161942	                  Ruminococcus champanellensis
  0.00	2	2	S	2564099	                  Ruminococcus bovis
  0.01	42	0	G	292632	                Subdoligranulum
  0.01	40	40	S	214851	                  Subdoligranulum variabile
  0.00	2	0	G1	512297	                  environmental samples
  0.00	2	2	S	512298	                    uncultured Subdoligranulum sp.
  0.01	23	0	G	946234	                Flavonifractor
  0.01	23	23	S	292800	                  Flavonifractor plautii
  0.00	13	0	G	2892397	                Pusillibacter
  0.00	13	13	S	2714358	                  Pusillibacter faecalis
  0.00	12	0	G	459786	                Oscillibacter
  0.00	8	8	S	2763056	                  Oscillibacter hominis
  0.00	4	0	G1	2629304	                  unclassified Oscillibacter
  0.00	4	4	S	2109687	                    Oscillibacter sp. PEA192
  0.00	8	0	G	244127	                Anaerotruncus
  0.00	8	8	S	169435	                  Anaerotruncus colihominis
  0.00	8	0	G	2591381	                Dysosmobacter
  0.00	8	8	S	2093857	                  Dysosmobacter welbionis
  0.00	8	0	G	2304687	                Petroclostridium
  0.00	8	0	G1	2619260	                  unclassified Petroclostridium
  0.00	8	8	S	3045146	                    Petroclostridium sp. X23
  0.00	6	0	G	35829	                Acetivibrio
  0.00	6	6	S	1515	                  Acetivibrio thermocellus
  0.00	3	0	G	2842531	                Solibaculum
  0.00	3	3	S	2780922	                  Solibaculum mannosilyticum
  0.00	1	0	G	2172004	                Lawsonibacter
  0.00	1	1	S	2108523	                  Lawsonibacter asaccharolyticus
  0.00	1	0	G	253238	                Ethanoligenens
  0.00	1	1	S	253239	                  Ethanoligenens harbinense
  0.05	209	0	F	31979	              Clostridiaceae
  0.04	193	6	G	1485	                Clostridium
  0.04	161	0	G1	2614128	                  unclassified Clostridium
  0.03	152	152	S	411486	                    Clostridium sp. M62/1
  0.00	4	4	S	2930219	                    Clostridium sp. BJN0001
  0.00	4	4	S	1702238	                    Clostridium sp. MF28
  0.00	1	1	S	641107	                    Clostridium sp. DL-VIII
  0.00	7	7	S	1502	                  Clostridium perfringens
  0.00	7	7	S	238834	                  Clostridium estertheticum
  0.00	4	4	S	394958	                  Clostridium taeniosporum
  0.00	4	4	S	169679	                  Clostridium saccharobutylicum
  0.00	3	3	S	1529	                  Clostridium cadaveris
  0.00	1	1	S	1534	                  Clostridium kluyveri
  0.00	16	0	G	1649459	                Hungatella
  0.00	16	15	S	154046	                  Hungatella hathewayi
  0.00	1	1	S1	742737	                    Hungatella hathewayi WAL-18680
  0.01	67	0	O1	538999	              Eubacteriales incertae sedis
  0.01	55	0	G	2717089	                Massilistercora
  0.01	55	55	S	2086584	                  Massilistercora timonensis
  0.00	6	0	G	1392389	                Intestinimonas
  0.00	6	6	S	1297617	                  Intestinimonas butyriciproducens
  0.00	3	0	G	415014	                Proteiniborus
  0.00	3	0	G1	2622907	                  unclassified Proteiniborus
  0.00	3	3	S	3050072	                    Proteiniborus sp. MB09-C3
  0.00	2	0	G	1918454	                Flintibacter
  0.00	2	0	G1	2610894	                  unclassified Flintibacter
  0.00	2	2	S	2610895	                    Flintibacter sp. KGMB00164
  0.00	1	0	F	543314	                Eubacteriales Family XIII. Incertae Sedis
  0.00	1	0	G	2886866	                  Sinanaerobacter
  0.00	1	0	G1	2886867	                    unclassified Sinanaerobacter
  0.00	1	1	S	3111540	                      Sinanaerobacter sp. ZZT-01
  0.01	55	0	F	186806	              Eubacteriaceae
  0.01	55	0	G	1730	                Eubacterium
  0.01	35	35	S	39496	                  Eubacterium ventriosum
  0.00	8	0	G1	2624479	                  unclassified Eubacterium (in: firmicutes)
  0.00	8	8	S	2841528	                    Eubacterium sp. MSJ-33
  0.00	6	6	S	53442	                  Eubacterium callanderi
  0.00	5	5	S	2041044	                  Eubacterium maltosivorans
  0.00	1	1	S	1736	                  Eubacterium limosum
  0.00	13	0	F	3082771	              Acutalibacteraceae
  0.00	11	0	G	1918385	                Acutalibacter
  0.00	11	11	S	1796620	                  Acutalibacter muris
  0.00	1	0	G	1738645	                Caproiciproducens
  0.00	1	0	G1	1738646	                  environmental samples
  0.00	1	1	S	1738647	                    uncultured Caproiciproducens sp.
  0.00	1	0	G	2576755	                Caproicibacter
  0.00	1	1	S	2576756	                  Caproicibacter fermentans
  0.00	5	0	F	3085642	              Butyricicoccaceae
  0.00	5	0	G	2048137	                Agathobaculum
  0.00	5	0	G1	2620324	                  unclassified Agathobaculum
  0.00	5	5	S	3079302	                    Agathobaculum sp. NTUH-O15-33
  0.00	4	0	F	186807	              Peptococcaceae
  0.00	4	0	G	51514	                Dehalobacterium
  0.00	4	4	S	51515	                  Dehalobacterium formicoaceticum
  0.00	1	0	F	2867375	              Desulfallaceae
  0.00	1	0	G	2867376	                Desulfoscipio
  0.00	1	0	S	102134	                  Desulfoscipio gibsoniae
  0.00	1	1	S1	767817	                    Desulfoscipio gibsoniae DSM 7213
  0.00	1	0	F	2937909	              Desulfitobacteriaceae
  0.00	1	0	G	51196	                Syntrophobotulus
  0.00	1	0	S	51197	                  Syntrophobotulus glycolicus
  0.00	1	1	S1	645991	                    Syntrophobotulus glycolicus DSM 8271
  0.00	1	0	F	2937911	              Thermincolaceae
  0.00	1	0	G	278993	                Thermincola
  0.00	1	0	S	863643	                  Thermincola potens
  0.00	1	1	S1	635013	                    Thermincola potens JR
  0.02	75	0	O	3082720	            Peptostreptococcales
  0.02	70	0	F	186804	              Peptostreptococcaceae
  0.01	68	0	G	1870884	                Clostridioides
  0.01	68	61	S	1496	                  Clostridioides difficile
  0.00	7	7	S1	499174	                    Clostridioides difficile QCD-23m63
  0.00	2	0	G	1849822	                Paraclostridium
  0.00	2	2	S	1505	                  Paraclostridium sordellii
  0.00	3	0	F	3030910	              Anaerovoracaceae
  0.00	3	0	G	1926556	                Emergencia
  0.00	3	0	G1	2642996	                  unclassified Emergencia
  0.00	3	3	S	3114296	                    Emergencia sp. JLR.KK010
  0.00	2	0	F	3118656	              Natronincolaceae
  0.00	1	0	G	114627	                Alkaliphilus
  0.00	1	0	S	208226	                  Alkaliphilus metalliredigens
  0.00	1	1	S1	293826	                    Alkaliphilus metalliredigens QYMF
  0.00	1	0	G	1890059	                Serpentinicella
  0.00	1	1	S	1734049	                  Serpentinicella alkaliphila
  0.00	3	0	O	3085656	            Monoglobales
  0.00	3	0	F	3085657	              Monoglobaceae
  0.00	3	0	G	2039302	                Monoglobus
  0.00	3	3	S	1981510	                  Monoglobus pectinilyticus
  0.00	1	0	O	53433	            Halanaerobiales
  0.00	1	0	F	972	              Halanaerobiaceae
  0.00	1	0	G	46466	                Halocella
  0.00	1	0	G1	2640322	                  unclassified Halocella
  0.00	1	1	S	2382161	                    Halocella sp. SP3-1
  0.00	1	0	O	68295	            Thermoanaerobacterales
  0.00	1	0	F	543372	              Thermoanaerobacterales Family IV. Incertae Sedis
  0.00	1	0	G	252965	                Mahella
  0.00	1	0	S	252966	                  Mahella australiensis
  0.00	1	1	S1	697281	                    Mahella australiensis 50-1 BON
  0.00	1	0	O	3082768	            Christensenellales
  0.00	1	0	F	990719	              Christensenellaceae
  0.00	1	0	G	990721	                Christensenella
  0.00	1	1	S	626937	                  Christensenella minuta
 23.44	107831	4	C	91061	          Bacilli
 23.43	107779	3	O	1385	            Bacillales
 23.42	107744	17	F	186817	              Bacillaceae
 23.42	107703	64496	G	1386	                Bacillus
  5.39	24783	1833	G1	653685	                  Bacillus subtilis group
  2.59	11918	11918	S	2054641	                    Bacillus stercoris
  1.09	4996	4477	S	1423	                    Bacillus subtilis
  0.10	461	335	S1	135461	                      Bacillus subtilis subsp. subtilis
  0.01	68	68	S2	1192196	                        Bacillus subtilis subsp. subtilis str. BSP1
  0.00	17	17	S2	224308	                        Bacillus subtilis subsp. subtilis str. 168
  0.00	10	10	S2	535024	                        Bacillus subtilis subsp. subtilis str. SMY
  0.00	9	3	S2	535026	                        Bacillus subtilis subsp. subtilis NCIB 3610 = ATCC 6051 = DSM 10
  0.00	6	6	S3	1147161	                          Bacillus subtilis subsp. subtilis 6051-HGW
  0.00	9	9	S2	1404258	                        Bacillus subtilis subsp. subtilis str. OH 131.1
  0.00	8	8	S2	1302650	                        Bacillus subtilis subsp. subtilis str. BAB-1
  0.00	4	3	S2	535025	                        Bacillus subtilis subsp. subtilis str. JH642
  0.00	1	1	S3	1232554	                          Bacillus subtilis subsp. subtilis str. JH642 substr. AG174
  0.00	1	1	S2	1052588	                        Bacillus subtilis subsp. subtilis str. RO-NN-1
  0.00	16	15	S1	86029	                      Bacillus subtilis subsp. natto
  0.00	1	1	S2	645657	                        Bacillus subtilis subsp. natto BEST195
  0.00	14	14	S1	1233100	                      Bacillus subtilis XF-1
  0.00	8	8	S1	1415167	                      Bacillus subtilis PY79
  0.00	8	8	S1	1453990	                      Bacillus subtilis HJ5
  0.00	6	6	S1	936156	                      Bacillus subtilis BSn5
  0.00	3	3	S1	1204342	                      Bacillus subtilis BEST7003
  0.00	2	2	S1	1220533	                      Bacillus subtilis QB928
  0.00	1	1	S1	1136873	                      Bacillus subtilis KCTC 1028 = ATCC 6051a
  0.35	1606	1606	S	72361	                    Bacillus vallismortis
  0.27	1220	1045	S	96241	                    Bacillus spizizenii
  0.04	174	174	S1	1052585	                      Bacillus spizizenii TU-B-10
  0.00	1	1	S1	655816	                      Bacillus spizizenii str. W23
  0.26	1197	1197	S	483913	                    Bacillus inaquosorum
  0.16	726	726	S	227866	                    Bacillus tequilensis
  0.10	452	446	S	1452	                    Bacillus atrophaeus
  0.00	6	6	S1	1239783	                      Bacillus atrophaeus UCMB-5137
  0.09	427	142	G2	1938374	                    Bacillus amyloliquefaciens group
  0.05	225	223	S	492670	                      Bacillus velezensis
  0.00	2	2	S1	1449088	                        Bacillus velezensis TrigoCor1448
  0.01	45	43	S	1390	                      Bacillus amyloliquefaciens
  0.00	1	1	S1	692420	                        Bacillus amyloliquefaciens DSM 7 = ATCC 23350
  0.00	1	1	S1	1034836	                        Bacillus amyloliquefaciens XH7
  0.00	15	15	S	659243	                      Bacillus siamensis
  0.08	364	2	G2	653388	                    Bacillus mojavensis subgroup
  0.06	280	280	S	260554	                      Bacillus halotolerans
  0.02	82	82	S	72360	                      Bacillus mojavensis
  0.01	32	32	S	1648923	                    Bacillus paralicheniformis
  0.00	12	12	S	1402	                    Bacillus licheniformis
  3.73	17154	5331	G1	185979	                  unclassified Bacillus (in: firmicutes)
  1.01	4651	4651	S	2809036	                    Bacillus sp. LJBS06
  0.71	3287	3287	S	1127744	                    Bacillus sp. JS
  0.50	2296	2296	S	2009331	                    Bacillus sp. MD-5
  0.15	710	710	S	2070759	                    Bacillus sp. MBGLi79
  0.04	183	183	S	2921470	                    Bacillus sp. FSL K6-1366
  0.03	134	134	S	2975304	                    Bacillus sp. FSL R5-0523
  0.01	67	67	S	2921456	                    Bacillus sp. FSL K6-0993
  0.01	30	30	S	745774	                    Bacillus sp. K1
  0.01	29	29	S	2975299	                    Bacillus sp. FSL R5-0416
  0.01	26	26	S	2975293	                    Bacillus sp. FSL K6-1560
  0.01	24	24	S	2762329	                    Bacillus sp. PAMC26543
  0.01	24	24	S	2954675	                    Bacillus sp. FSL K6-1003
  0.01	23	23	S	2954720	                    Bacillus sp. PS196
  0.01	23	23	S	2921567	                    Bacillus sp. FSL M8-0071
  0.00	22	22	S	2954588	                    Bacillus sp. FSL R5-0560
  0.00	19	19	S	2975298	                    Bacillus sp. FSL L8-0358
  0.00	18	18	S	2014076	                    Bacillus sp. FJAT-42376
  0.00	17	17	S	2921564	                    Bacillus sp. FSL M8-0025
  0.00	16	16	S	2954725	                    Bacillus sp. PS108
  0.00	15	15	S	2859227	                    Bacillus sp. LJBS17
  0.00	14	14	S	2093834	                    Bacillus sp. ZY-1-1
  0.00	12	12	S	2954722	                    Bacillus sp. PS217
  0.00	12	12	S	2975302	                    Bacillus sp. FSL R5-0443
  0.00	11	11	S	2954678	                    Bacillus sp. FSL K6-1012
  0.00	11	11	S	2587848	                    Bacillus sp. THAF10
  0.00	11	11	S	467262	                    Bacillus sp. T3
  0.00	9	9	S	2921574	                    Bacillus sp. FSL P4-0290
  0.00	9	9	S	2921523	                    Bacillus sp. FSL L8-0528
  0.00	7	7	S	486398	                    Bacillus sp. S3
  0.00	7	7	S	2448811	                    Bacillus sp. WR11
  0.00	7	7	S	3129297	                    Bacillus sp. FJAT-52991
  0.00	7	7	S	2888526	                    Bacillus sp. BC1-43
  0.00	6	6	S	563169	                    Bacillus sp. SJ-10
  0.00	6	6	S	2921565	                    Bacillus sp. FSL M8-0054
  0.00	5	5	S	666686	                    Bacillus sp. 1NLA3E
  0.00	5	5	S	2954721	                    Bacillus sp. PS210
  0.00	5	5	S	2267265	                    Bacillus sp. DM2
  0.00	4	4	S	2954665	                    Bacillus sp. EU52
  0.00	4	4	S	2709784	                    Bacillus sp. KH172YL63
  0.00	4	4	S	3139388	                    Bacillus sp. YBsi01
  0.00	4	4	S	98228	                    Bacillus sp. OxB-1
  0.00	3	3	S	2841656	                    Bacillus sp. ZHX3
  0.00	3	3	S	1705566	                    Bacillus sp. FJAT-18017
  0.00	3	3	S	2954712	                    Bacillus sp. PS11(2022)
  0.00	3	3	S	3077585	                    Bacillus sp. DTU_2020_1000418_1_SI_GHA_SEK_038
  0.00	2	2	S	2954719	                    Bacillus sp. PS194
  0.00	2	2	S	352858	                    Bacillus sp. Y1
  0.00	2	2	S	2821409	                    Bacillus sp. LJBV19
  0.00	2	2	S	3073816	                    Bacillus sp. NEB1478
  0.00	2	2	S	1837130	                    Bacillus sp. FJAT-14266
  0.00	2	2	S	2954723	                    Bacillus sp. PS237
  0.00	2	2	S	2954633	                    Bacillus sp. FSL W8-0812
  0.00	2	2	S	2921562	                    Bacillus sp. FSL K6-0972
  0.00	2	2	S	2954716	                    Bacillus sp. PS68
  0.00	2	2	S	2954715	                    Bacillus sp. PS65
  0.00	1	1	S	2954587	                    Bacillus sp. FSL R5-0512
  0.00	1	1	S	2975344	                    Bacillus sp. EU63
  0.00	1	1	S	2233998	                    Bacillus sp. COPE52
  0.00	1	1	S	2851015	                    Bacillus sp. 7D3
  0.00	1	1	S	2975294	                    Bacillus sp. FSL K6-2861
  0.00	1	1	S	2921517	                    Bacillus sp. FSL L8-0167
  0.00	1	1	S	2954636	                    Bacillus sp. FSL W8-0920
  0.00	1	1	S	1071078	                    Bacillus sp. NSP9.1
  0.00	1	1	S	3027931	                    Bacillus sp. N3378-2at
  0.00	1	1	S	2998081	                    Bacillus sp. KICET-1
  0.00	1	1	S	3052091	                    Bacillus sp. DX3.1
  0.00	1	1	S	2585772	                    Bacillus sp. HNA3
  0.00	1	1	S	2928154	                    Bacillus sp. ZJS3
  0.00	1	1	S	2954566	                    Bacillus sp. FSL W7-1582
  0.00	1	1	S	2683680	                    Bacillus sp. ms-22
  0.00	1	1	S	2954558	                    Bacillus sp. FSL R5-0397
  0.00	1	1	S	3078804	                    Bacillus sp. TSA-4
  0.13	590	590	S	2487276	                  Bacillus cabrialesii
  0.10	451	451	S	2715209	                  Bacillus rugosus
  0.01	58	20	G1	86661	                  Bacillus cereus group
  0.00	11	5	S	1428	                    Bacillus thuringiensis
  0.00	5	5	S1	529122	                      Bacillus thuringiensis YBT-1518
  0.00	1	0	S1	29339	                      Bacillus thuringiensis serovar kurstaki
  0.00	1	1	S2	1261129	                        Bacillus thuringiensis serovar kurstaki str. HD-1
  0.00	6	6	S	1396	                    Bacillus cereus
  0.00	6	6	S	1405	                    Bacillus mycoides
  0.00	4	3	S	1392	                    Bacillus anthracis
  0.00	1	1	S1	568206	                      Bacillus anthracis str. CDC 684
  0.00	2	2	S	2817477	                    Bacillus paramobilis
  0.00	2	2	S	580165	                    Bacillus cytotoxicus
  0.00	2	2	S	155322	                    Bacillus toyonensis
  0.00	2	2	S	64104	                    Bacillus pseudomycoides
  0.00	1	1	S	2026186	                    Bacillus paranthracis
  0.00	1	1	S	2026187	                    Bacillus pacificus
  0.00	1	1	S	2026193	                    Bacillus nitratireducens
  0.01	37	37	S	1408	                  Bacillus pumilus
  0.01	32	32	S	1664069	                  Bacillus glycinifermentans
  0.01	27	27	S	1925020	                  Bacillus swezeyi
  0.01	24	24	S	1441095	                  Bacillus gobiensis
  0.00	9	0	G1	1792192	                  Bacillus altitudinis complex
  0.00	9	9	S	293387	                    Bacillus altitudinis
  0.00	8	8	S	1455	                  Bacillus badius
  0.00	6	6	S	2728853	                  Bacillus fonticola
  0.00	5	5	S	1547283	                  Bacillus weihaiensis
  0.00	5	5	S	2672567	                  Bacillus aquiflavi
  0.00	4	4	S	561879	                  Bacillus safensis
  0.00	3	0	S	324767	                  Bacillus infantis
  0.00	3	3	S1	1367477	                    Bacillus infantis NRRL B-14911
  0.00	3	3	S	293388	                  Bacillus aerius
  0.00	3	3	S	1471	                  Bacillus methanolicus
  0.00	2	2	S	1983719	                  Bacillus shivajii
  0.00	1	1	S	2819290	                  Bacillus arachidis
  0.00	1	1	S	86663	                  Bacillus carboniphilus
  0.00	1	1	S	1479	                  Bacillus smithii
  0.00	5	0	G	1329200	                Fictibacillus
  0.00	5	0	G1	2644029	                  unclassified Fictibacillus
  0.00	5	5	S	2991053	                    Fictibacillus sp. KU28468
  0.00	4	0	G	2837508	                Rossellomorea
  0.00	4	0	G1	2837526	                  unclassified Rossellomorea
  0.00	4	4	S	3118174	                    Rossellomorea sp. y25
  0.00	3	1	G	2800373	                Priestia
  0.00	2	1	S	1404	                  Priestia megaterium
  0.00	1	1	S1	1006007	                    Priestia megaterium WSH-002
  0.00	3	3	G	400634	                Lysinibacillus
  0.00	2	0	G	1494427	                Tepidibacillus
  0.00	2	0	G1	2619009	                  unclassified Tepidibacillus
  0.00	2	2	S	3131995	                    Tepidibacillus sp. LSZ-M11000
  0.00	1	0	G	2675230	                Cytobacillus
  0.00	1	1	S	665099	                  Cytobacillus oceanisediminis
  0.00	1	0	G	2675231	                Mesobacillus
  0.00	1	1	S	285983	                  Mesobacillus subterraneus
  0.00	1	0	G	2675232	                Neobacillus
  0.00	1	0	G1	2675272	                  unclassified Neobacillus
  0.00	1	1	S	3070683	                    Neobacillus sp. OS1-33
  0.00	1	0	G	2837485	                Evansella
  0.00	1	0	G1	2837486	                  unclassified Evansella
  0.00	1	1	S	2924033	                    Evansella sp. LMS18
  0.00	1	0	G	2837504	                Heyndrickxia
  0.00	1	1	S	1398	                  Heyndrickxia coagulans
  0.00	1	0	G	2893060	                Alkalihalophilus
  0.00	1	1	S	79885	                  Alkalihalophilus pseudofirmus
  0.00	1	0	G	129337	                Geobacillus
  0.00	1	0	G1	1505648	                  Geobacillus thermoleovorans group
  0.00	1	0	S	1462	                    Geobacillus kaustophilus
  0.00	1	1	S1	1220595	                      Geobacillus kaustophilus NBRC 102445
  0.00	19	0	F	186822	              Paenibacillaceae
  0.00	15	9	G	44249	                Paenibacillus
  0.00	3	0	G1	185978	                  unclassified Paenibacillus
  0.00	3	3	S	2954661	                    Paenibacillus sp. FSL R10-2782
  0.00	3	0	S	61624	                  Paenibacillus mucilaginosus
  0.00	3	3	S1	997761	                    Paenibacillus mucilaginosus K02
  0.00	4	0	G	329857	                Cohnella
  0.00	4	4	S	2674991	                  Cohnella candidum
  0.00	6	0	F	90964	              Staphylococcaceae
  0.00	6	0	G	1279	                Staphylococcus
  0.00	1	1	S	1280	                  Staphylococcus aureus
  0.00	1	1	S	1283	                  Staphylococcus haemolyticus
  0.00	1	1	S	1286	                  Staphylococcus simulans
  0.00	1	0	G1	2815305	                  Staphylococcus intermedius group
  0.00	1	1	S	283734	                    Staphylococcus pseudintermedius
  0.00	1	1	S	2282419	                  Staphylococcus pseudoxylosus
  0.00	1	1	S	308354	                  Staphylococcus simiae
  0.00	4	0	F	186818	              Planococcaceae
  0.00	2	0	G	651660	                Paenisporosarcina
  0.00	2	2	S	2320858	                  Paenisporosarcina cavernae
  0.00	1	0	G	1569	                Sporosarcina
  0.00	1	0	G1	2647733	                  unclassified Sporosarcina
  0.00	1	1	S	2942204	                    Sporosarcina sp. Marseille-Q4943
  0.00	1	0	G	160795	                Ureibacillus
  0.00	1	0	G1	2638520	                  unclassified Ureibacillus
  0.00	1	1	S	2954684	                    Ureibacillus sp. FSL K6-8385
  0.00	1	0	F	186820	              Listeriaceae
  0.00	1	0	G	1637	                Listeria
  0.00	1	1	S	1643	                  Listeria welshimeri
  0.00	1	0	F	186823	              Alicyclobacillaceae
  0.00	1	0	G	432330	                Tumebacillus
  0.00	1	1	S	1903704	                  Tumebacillus avium
  0.00	1	0	F	186824	              Thermoactinomycetaceae
  0.00	1	0	G	1274351	                Kroppenstedtia
  0.00	1	1	S	714067	                  Kroppenstedtia eburnea
  0.01	48	1	O	186826	            Lactobacillales
  0.01	31	0	F	1300	              Streptococcaceae
  0.01	31	0	G	1301	                Streptococcus
  0.00	17	15	S	1307	                  Streptococcus suis
  0.00	2	2	S1	423211	                    Streptococcus suis GZ1
  0.00	10	9	S	1303	                  Streptococcus oralis
  0.00	1	1	S1	1458253	                    Streptococcus oralis subsp. dentisani
  0.00	2	0	G1	2608887	                  unclassified Streptococcus
  0.00	2	2	S	3038077	                    Streptococcus sp. D7B5
  0.00	1	1	S	68892	                  Streptococcus infantis
  0.00	1	1	S	28037	                  Streptococcus mitis
  0.00	10	1	F	33958	              Lactobacillaceae
  0.00	4	0	G	2767887	                Ligilactobacillus
  0.00	4	4	S	1622	                  Ligilactobacillus murinus
  0.00	2	0	G	1578	                Lactobacillus
  0.00	2	0	S	1584	                  Lactobacillus delbrueckii
  0.00	2	0	S1	1585	                    Lactobacillus delbrueckii subsp. bulgaricus
  0.00	2	2	S2	321956	                      Lactobacillus delbrueckii subsp. bulgaricus ATCC BAA-365
  0.00	2	1	G	46255	                Weissella
  0.00	1	1	S	137591	                  Weissella cibaria
  0.00	1	0	G	2767884	                Lapidilactobacillus
  0.00	1	1	S	51664	                  Lapidilactobacillus dextrinicus
  0.00	6	0	F	81852	              Enterococcaceae
  0.00	4	0	G	1350	                Enterococcus
  0.00	2	2	S	53346	                  Enterococcus mundtii
  0.00	1	1	S	1352	                  Enterococcus faecium
  0.00	1	1	S	71452	                  Enterococcus raffinosus
  0.00	2	0	G	33969	                Melissococcus
  0.00	2	2	S	33970	                  Melissococcus plutonius
  0.01	38	0	C	526524	          Erysipelotrichia
  0.01	38	0	O	526525	            Erysipelotrichales
  0.01	24	0	F	128827	              Erysipelotrichaceae
  0.00	13	0	G	2749267	                Amedibacterium
  0.00	13	13	S	2583452	                  Amedibacterium intestinale
  0.00	4	0	G	123375	                Solobacterium
  0.00	4	4	S	102148	                  Solobacterium moorei
  0.00	4	0	G	2679910	                Intestinibaculum
  0.00	4	4	S	2487118	                  Intestinibaculum porci
  0.00	2	0	G	1918536	                Longicatena
  0.00	2	2	S	1796635	                  Longicatena caecimuris
  0.00	1	0	F1	433334	                Erysipelotrichaceae incertae sedis
  0.00	1	1	S	1522	                  [Clostridium] innocuum
  0.00	14	0	F	2810280	              Coprobacillaceae
  0.00	12	0	G	135858	                Catenibacterium
  0.00	11	0	G1	2643636	                  unclassified Catenibacterium
  0.00	11	11	S	2478954	                    Catenibacterium sp. co_0103
  0.00	1	1	S	100886	                  Catenibacterium mitsuokai
  0.00	1	0	G	2678885	                Faecalibacillus
  0.00	1	1	S	1982626	                  Faecalibacillus intestinalis
  0.00	1	0	G	3025755	                Thomasclavelia
  0.00	1	1	S	1547	                  Thomasclavelia ramosa
  0.00	6	0	C	909932	          Negativicutes
  0.00	4	0	O	1843488	            Acidaminococcales
  0.00	4	0	F	909930	              Acidaminococcaceae
  0.00	4	0	G	33024	                Phascolarctobacterium
  0.00	3	0	G1	2639160	                  unclassified Phascolarctobacterium
  0.00	3	3	S	2823317	                    Phascolarctobacterium sp. Marseille-Q4147
  0.00	1	1	S	33025	                  Phascolarctobacterium faecium
  0.00	2	0	O	909929	            Selenomonadales
  0.00	2	0	F	1843491	              Selenomonadaceae
  0.00	2	0	G	864	                Pectinatus
  0.00	2	2	S	865	                  Pectinatus frisingensis
  0.03	123	0	P	201174	        Actinomycetota
  0.03	121	3	C	1760	          Actinomycetes
  0.02	81	0	O	85004	            Bifidobacteriales
  0.02	81	0	F	31953	              Bifidobacteriaceae
  0.02	81	0	G	1678	                Bifidobacterium
  0.01	64	0	S	216816	                  Bifidobacterium longum
  0.01	63	62	S1	1679	                    Bifidobacterium longum subsp. longum
  0.00	1	1	S2	722911	                      Bifidobacterium longum subsp. longum F8
  0.00	1	1	S1	1682	                    Bifidobacterium longum subsp. infantis
  0.00	16	16	S	28026	                  Bifidobacterium pseudocatenulatum
  0.00	1	0	G1	2608897	                  unclassified Bifidobacterium
  0.00	1	1	S	2983222	                    Bifidobacterium sp. ESL0732
  0.00	11	0	O	85011	            Kitasatosporales
  0.00	11	0	F	2062	              Streptomycetaceae
  0.00	9	3	G	1883	                Streptomyces
  0.00	6	2	G1	2593676	                  unclassified Streptomyces
  0.00	1	1	S	2903651	                    Streptomyces sp. NBC_00442
  0.00	1	1	S	2892996	                    Streptomyces sp. SCSIO ZS0520
  0.00	1	1	S	2903803	                    Streptomyces sp. NBC_01262
  0.00	1	1	S	2975710	                    Streptomyces sp. NBC_00316
  0.00	2	2	G	2063	                Kitasatospora
  0.00	10	0	O	85006	            Micrococcales
  0.00	4	0	F	1268	              Micrococcaceae
  0.00	3	0	G	596707	                Sinomonas
  0.00	3	3	S	37927	                  Sinomonas atrocyanea
  0.00	1	0	G	1663	                Arthrobacter
  0.00	1	0	G1	235627	                  unclassified Arthrobacter
  0.00	1	1	S	2972479	                    Arthrobacter sp. CJ23
  0.00	3	0	F	85019	              Brevibacteriaceae
  0.00	3	0	G	1696	                Brevibacterium
  0.00	3	3	S	629680	                  Brevibacterium sandarakinum
  0.00	3	0	F	85023	              Microbacteriaceae
  0.00	1	0	G	337004	                Microcella
  0.00	1	1	S	2963406	                  Microcella humidisoli
  0.00	1	0	G	96492	                Frigoribacterium
  0.00	1	0	G1	2627005	                  unclassified Frigoribacterium
  0.00	1	1	S	2596916	                    Frigoribacterium sp. NBH87
  0.00	1	0	G	110932	                Leifsonia
  0.00	1	0	G1	2663824	                  unclassified Leifsonia
  0.00	1	1	S	1798223	                    Leifsonia sp. 21MFCrub1.1
  0.00	5	0	O	2037	            Actinomycetales
  0.00	5	0	F	2049	              Actinomycetaceae
  0.00	5	0	G	1069494	                Trueperella
  0.00	5	5	S	1661	                  Trueperella pyogenes
  0.00	3	0	O	85008	            Micromonosporales
  0.00	3	0	F	28056	              Micromonosporaceae
  0.00	2	0	G	1873	                Micromonospora
  0.00	2	0	G1	2617518	                  unclassified Micromonospora
  0.00	1	1	S	2742132	                    Verrucosispora sp. NA02020
  0.00	1	1	S	2975988	                    Micromonospora sp. NBC_01813
  0.00	1	0	G	35753	                Dactylosporangium
  0.00	1	0	G1	2621675	                  unclassified Dactylosporangium
  0.00	1	1	S	2862460	                    Dactylosporangium sp. AC04546
  0.00	3	0	O	85009	            Propionibacteriales
  0.00	3	0	F	31957	              Propionibacteriaceae
  0.00	3	0	G	203133	                Propionimicrobium
  0.00	3	0	G1	2633994	                  unclassified Propionimicrobium
  0.00	3	3	S	3052086	                    Propionimicrobium sp. PCR01-08-3
  0.00	3	0	O	85010	            Pseudonocardiales
  0.00	3	0	F	2070	              Pseudonocardiaceae
  0.00	1	0	G	1835	                Saccharopolyspora
  0.00	1	1	S	524884	                  Saccharopolyspora rosea
  0.00	1	0	G	1813	                Amycolatopsis
  0.00	1	1	S	715473	                  Amycolatopsis acidiphila
  0.00	1	0	G	43356	                Kutzneria
  0.00	1	1	S	1045776	                  Kutzneria buriramensis
  0.00	1	0	O	85007	            Mycobacteriales
  0.00	1	0	F	1762	              Mycobacteriaceae
  0.00	1	0	G	1763	                Mycobacterium
  0.00	1	0	G1	120793	                  Mycobacterium avium complex (MAC)
  0.00	1	0	S	339268	                    Mycobacterium colombiense
  0.00	1	1	S1	1041522	                      Mycobacterium colombiense CECT 3035
  0.00	1	0	O	85013	            Frankiales
  0.00	1	0	F	74712	              Frankiaceae
  0.00	1	0	G	1854	                Frankia
  0.00	1	0	G1	2632575	                  unclassified Frankia
  0.00	1	1	S	710111	                    Frankia sp. QA3
  0.00	1	0	C	84992	          Acidimicrobiia
  0.00	1	0	O	84993	            Acidimicrobiales
  0.00	1	0	F	633392	              Iamiaceae
  0.00	1	0	G	467975	                Iamia
  0.00	1	0	G1	2624035	                  unclassified Iamia
  0.00	1	1	S	2722752	                    Iamia sp. SCSIO 61187
  0.00	1	0	C	908620	          Nitriliruptoria
  0.00	1	0	O	1747768	            Egibacterales
  0.00	1	0	F	1747769	              Egibacteraceae
  0.00	1	0	G	1747770	                Egibacter
  0.00	1	1	S	1670831	                  Egibacter rhizosphaerae
  0.00	6	0	D2	1798711	        Cyanobacteriota/Melainabacteria group
  0.00	6	0	P	1117	          Cyanobacteriota
  0.00	6	0	C	3028117	            Cyanophyceae
  0.00	4	0	O	52604	              Pleurocapsales
  0.00	4	0	F	1890500	                Hyellaceae
  0.00	4	0	G	44474	                  Pleurocapsa
  0.00	4	0	G1	2645907	                    unclassified Pleurocapsa
  0.00	3	3	S	118163	                      Pleurocapsa sp. PCC 7327
  0.00	1	1	S	3040204	                      Pleurocapsa sp. FMAR1
  0.00	2	0	O	1161	              Nostocales
  0.00	1	0	F	1162	                Nostocaceae
  0.00	1	0	G	1177	                  Nostoc
  0.00	1	0	S	1306274	                    Nostoc flagelliforme
  0.00	1	1	S1	2038116	                      Nostoc flagelliforme CCNUN1
  0.00	1	0	F	119859	                Tolypothrichaceae
  0.00	1	0	G	111782	                  Tolypothrix
  0.00	1	1	G1	2649714	                    unclassified Tolypothrix
  0.00	5	0	P	544448	        Mycoplasmatota
  0.00	5	0	O	2790996	          Mycoplasmoidales
  0.00	3	0	F	2895623	            Metamycoplasmataceae
  0.00	3	0	G	2895509	              Metamycoplasma
  0.00	3	3	S	92401	                Metamycoplasma cloacale
  0.00	2	0	F	2790998	            Mycoplasmoidaceae
  0.00	2	0	G	2995234	              Mycoplasmoides
  0.00	2	2	S	92758	                Mycoplasmoides fastidiosum
  0.00	1	0	P	1154676	        Vulcanimicrobiota
  0.00	1	0	C	2829293	          Vulcanimicrobiia
  0.00	1	0	O	2599632	            Vulcanimicrobiales
  0.00	1	0	F	2829291	              Vulcanimicrobiaceae
  0.00	1	0	G	3016049	                Vulcanimicrobium
  0.00	1	1	S	3016050	                  Vulcanimicrobium alpinum
 28.61	131591	11	P	1224	      Pseudomonadota
 28.60	131560	28	C	1236	        Gammaproteobacteria
 28.59	131503	287	O	91347	          Enterobacterales
 28.52	131166	2012	F	543	            Enterobacteriaceae
 28.00	128794	2851	G	547	              Enterobacter
 27.35	125817	33985	G1	354276	                Enterobacter cloacae complex
 19.24	88502	88502	S	3029761	                  Enterobacter pasteurii
  0.26	1207	1066	S	158836	                  Enterobacter hormaechei
  0.01	43	43	S1	1296536	                    Enterobacter hormaechei subsp. xiangfangensis
  0.01	39	39	S1	301105	                    Enterobacter hormaechei subsp. hormaechei
  0.01	36	36	S1	299766	                    Enterobacter hormaechei subsp. steigerwaltii
  0.01	23	23	S1	1812934	                    Enterobacter hormaechei subsp. hoffmannii
  0.15	701	673	S	550	                  Enterobacter cloacae
  0.00	18	15	S1	336306	                    Enterobacter cloacae subsp. cloacae
  0.00	3	3	S2	716541	                      Enterobacter cloacae subsp. cloacae ATCC 13047
  0.00	10	0	S1	69219	                    Enterobacter cloacae subsp. dissolvens
  0.00	10	10	S2	1104326	                      Enterobacter cloacae subsp. dissolvens SDM
  0.07	331	330	S	61645	                  Enterobacter asburiae
  0.00	1	1	S1	1421338	                    Enterobacter asburiae L1
  0.06	283	283	S	1812935	                  Enterobacter roggenkampii
  0.05	235	3	G2	2757714	                  unclassified Enterobacter cloacae complex
  0.04	177	177	S	2027919	                    Enterobacter cloacae complex sp.
  0.01	28	28	S	1329841	                    Enterobacter sp. BIDMC 29
  0.00	6	6	S	2969431	                    Enterobacter cloacae complex sp. R_G8
  0.00	5	5	S	2077136	                    Enterobacter cloacae complex sp. FDA-CDC-AR_0164
  0.00	3	3	S	1915310	                    Enterobacter cloacae complex sp. ECNIH7
  0.00	3	3	S	2077137	                    Enterobacter cloacae complex sp. FDA-CDC-AR_0132
  0.00	2	2	S	1329836	                    Enterobacter sp. BWH 37
  0.00	2	2	S	2850492	                    Enterobacter cloacae complex sp. ECL78
  0.00	2	2	S	2850493	                    Enterobacter cloacae complex sp. ECL112
  0.00	2	2	S	2912628	                    Enterobacter cloacae complex sp. ECL414
  0.00	1	1	S	2798729	                    Enterobacter cloacae complex sp. AR_0002
  0.00	1	1	S	2850078	                    Enterobacter cloacae complex sp. ECL72
  0.04	172	172	S	69218	                  Enterobacter cancerogenus
  0.02	103	103	S	299767	                  Enterobacter ludwigii
  0.02	102	102	S	208224	                  Enterobacter kobei
  0.02	97	97	S	2497875	                  Enterobacter chuandaensis
  0.01	51	51	S	2071710	                  Enterobacter sichuanensis
  0.01	48	48	S	2494701	                  Enterobacter chengduensis
  0.01	53	10	G1	2608935	                unclassified Enterobacter
  0.00	12	12	S	2742676	                  Enterobacter sp. RHBSTW-00994
  0.00	4	4	S	2976431	                  Enterobacter sp. CP102
  0.00	3	3	S	2565914	                  Enterobacter sp. 18A13
  0.00	3	3	S	2831891	                  Enterobacter sp. JBIWA005
  0.00	2	2	S	3080020	                  Enterobacter sp. JJBC
  0.00	2	2	S	3026145	                  Enterobacter sp. S-33
  0.00	2	2	S	2836161	                  Enterobacter sp. SGAir0187
  0.00	2	2	S	2866201	                  Enterobacter sp. Colony194
  0.00	2	2	S	2724468	                  Enterobacter sp. JUb54
  0.00	1	1	S	2894203	                  Enterobacter sp. AN-K1
  0.00	1	1	S	399742	                  Enterobacter sp. 638
  0.00	1	1	S	2831892	                  Enterobacter sp. JBIWA008
  0.00	1	1	S	2870346	                  Enterobacter sp. C2
  0.00	1	1	S	2720029	                  Enterobacter sp. DNB-S2
  0.00	1	1	S	3102784	                  Enterobacter sp. D2
  0.00	1	1	S	2705458	                  Enterobacter sp. SES19
  0.00	1	1	S	2500132	                  Enterobacter sp. N18-03635
  0.00	1	1	S	3102785	                  Enterobacter sp. A103
  0.00	1	1	S	1868135	                  Enterobacter sp. HK169
  0.00	1	1	S	1848517	                  Enterobacter sp. LU1
  0.01	32	32	S	539813	                Enterobacter mori
  0.00	13	13	S	881260	                Enterobacter bugandensis
  0.00	9	9	S	2494702	                Enterobacter huaxiensis
  0.00	7	7	S	2478464	                Enterobacter oligotrophicus
  0.00	6	6	S	2529381	                Enterobacter wuhouensis
  0.00	4	4	S	885040	                Enterobacter soli
  0.00	1	1	S	2497436	                Enterobacter quasiroggenkampii
  0.00	1	1	S	2996112	                Enterobacter pseudoroggenkampii
  0.02	82	1	F1	2890311	              Klebsiella/Raoultella group
  0.02	75	18	G	570	                Klebsiella
  0.01	25	25	S	573	                  Klebsiella pneumoniae
  0.00	10	10	S	548	                  Klebsiella aerogenes
  0.00	5	2	G1	2608929	                  unclassified Klebsiella
  0.00	1	1	S	1934254	                    Klebsiella sp. M5al
  0.00	1	1	S	2267618	                    Klebsiella sp. P1CD1
  0.00	1	1	S	2675713	                    Klebsiella sp. WP4-W18-ESBL-05
  0.00	4	3	S	244366	                  Klebsiella variicola
  0.00	1	1	S1	2590157	                    Klebsiella variicola subsp. variicola
  0.00	4	4	S	1463165	                  Klebsiella quasipneumoniae
  0.00	2	2	S	571	                  Klebsiella oxytoca
  0.00	2	2	S	1134687	                  Klebsiella michiganensis
  0.00	2	2	S	2153354	                  Klebsiella huaxiensis
  0.00	2	2	S	2489010	                  Klebsiella africana
  0.00	1	1	S	1259973	                  Klebsiella electrica
  0.00	6	3	G	160674	                Raoultella
  0.00	3	3	S	54291	                  Raoultella ornithinolytica
  0.01	67	13	G	544	              Citrobacter
  0.01	37	6	G1	1344959	                Citrobacter freundii complex
  0.00	18	18	S	546	                  Citrobacter freundii
  0.00	7	7	S	1639133	                  Citrobacter portucalensis
  0.00	3	3	S	57706	                  Citrobacter braakii
  0.00	1	1	S	67827	                  Citrobacter werkmanii
  0.00	1	1	S	67828	                  Citrobacter gillenii
  0.00	1	1	S	1748967	                  Citrobacter cronae
  0.00	6	1	G1	2644389	                unclassified Citrobacter
  0.00	1	1	S	3015952	                  Citrobacter sp. 21OH12SH02A-Citro
  0.00	1	1	S	1573676	                  Citrobacter sp. R56
  0.00	1	1	S	2742624	                  Citrobacter sp. RHB25-C09
  0.00	1	1	S	2697370	                  Citrobacter sp. LUTT5
  0.00	1	1	S	2742632	                  Citrobacter sp. RHBSTW-00053
  0.00	4	4	S	67825	                Citrobacter rodentium
  0.00	2	2	S	545	                Citrobacter koseri
  0.00	2	2	S	67824	                Citrobacter farmeri
  0.00	1	1	S	35703	                Citrobacter amalonaticus
  0.00	1	1	S	1563222	                Citrobacter pasteurii
  0.00	1	1	S	2546350	                Citrobacter arsenatis
  0.01	64	1	G	561	              Escherichia
  0.01	60	54	S	562	                Escherichia coli
  0.00	3	1	S1	83334	                  Escherichia coli O157:H7
  0.00	1	1	S2	155864	                    Escherichia coli O157:H7 str. EDL933
  0.00	1	1	S2	444450	                    Escherichia coli O157:H7 str. EC4115
  0.00	2	2	S1	655817	                  Escherichia coli ABU 83972
  0.00	1	1	S1	2027293	                  Escherichia coli O8:H8
  0.00	2	2	S	208962	                Escherichia albertii
  0.00	1	1	S	564	                Escherichia fergusonii
  0.01	33	5	G	590	              Salmonella
  0.01	27	6	S	28901	                Salmonella enterica
  0.00	19	3	S1	59201	                  Salmonella enterica subsp. enterica
  0.00	3	3	S2	28144	                    Salmonella enterica subsp. enterica serovar Derby
  0.00	2	1	S2	115981	                    Salmonella enterica subsp. enterica serovar Montevideo
  0.00	1	1	S3	1454607	                      Salmonella enterica subsp. enterica serovar Montevideo str. CDC 07-0954
  0.00	2	2	S2	90371	                    Salmonella enterica subsp. enterica serovar Typhimurium
  0.00	1	1	S2	54388	                    Salmonella enterica subsp. enterica serovar Paratyphi A
  0.00	1	1	S2	1160769	                    Salmonella enterica subsp. enterica serovar Worthington
  0.00	1	1	S2	90370	                    Salmonella enterica subsp. enterica serovar Typhi
  0.00	1	1	S2	90105	                    Salmonella enterica subsp. enterica serovar Saintpaul
  0.00	1	1	S2	58712	                    Salmonella enterica subsp. enterica serovar Anatum
  0.00	1	1	S2	149391	                    Salmonella enterica subsp. enterica serovar Braenderup
  0.00	1	1	S2	913076	                    Salmonella enterica subsp. enterica serovar Johannesburg
  0.00	1	1	S2	224727	                    Salmonella enterica subsp. enterica serovar Kottbus
  0.00	1	1	S2	2579247	                    Salmonella enterica subsp. enterica serovar Rough O:-:-
  0.00	1	0	S1	59202	                  Salmonella enterica subsp. salamae
  0.00	1	0	S2	1243601	                    Salmonella enterica subsp. salamae serovar 55:k:z39
  0.00	1	1	S3	1243602	                      Salmonella enterica subsp. salamae serovar 55:k:z39 str. 1315K
  0.00	1	0	S1	59205	                  Salmonella enterica subsp. houtenae
  0.00	1	1	S2	2729104	                    Salmonella enterica subsp. houtenae serovar 43:z4
  0.00	1	0	S	54736	                Salmonella bongori
  0.00	1	1	S1	1299282	                  Salmonella bongori CFSAN000510
  0.00	19	0	G	1330547	              Kosakonia
  0.00	11	10	S	208223	                Kosakonia cowanii
  0.00	1	1	S1	1300165	                  Kosakonia cowanii JCM 10956 = DSM 18146
  0.00	3	3	S	1005665	                Kosakonia oryzendophytica
  0.00	2	2	S	283686	                Kosakonia radicincitans
  0.00	1	1	S	497725	                Kosakonia oryzae
  0.00	1	1	S	1158459	                Kosakonia sacchari
  0.00	1	1	S	1646340	                Kosakonia pseudosacchari
  0.00	16	2	G	83654	              Leclercia
  0.00	8	8	S	83655	                Leclercia adecarboxylata
  0.00	4	4	S	2815358	                Leclercia pneumoniae
  0.00	2	0	G1	2627398	                unclassified Leclercia
  0.00	2	2	S	2681309	                  Leclercia sp. Colony189
  0.00	12	5	G	158483	              Cedecea
  0.00	4	4	S	158822	                Cedecea neteri
  0.00	3	3	S	158823	                Cedecea lapagei
  0.00	8	0	F1	191675	              Enterobacteriaceae incertae sedis
  0.00	8	0	F2	84563	                ant, tsetse, mealybug, aphid, etc. endosymbionts
  0.00	4	0	F3	146507	                  aphid secondary symbionts
  0.00	3	3	S	1199245	                    secondary endosymbiont of Ctenarytaina eucalypti
  0.00	1	0	G	568988	                    Candidatus Regiella
  0.00	1	0	G1	3077955	                      unclassified Candidatus Regiella
  0.00	1	1	S	3077956	                        Candidatus Regiella endosymbiont of Tuberolachnus salignus
  0.00	2	0	F3	84564	                  ant endosymbionts
  0.00	2	0	G	203804	                    Candidatus Blochmanniella
  0.00	2	1	G1	711328	                      unclassified Candidatus Blochmanniella
  0.00	1	1	S	1505596	                        Blochmannia endosymbiont of Polyrhachis (Hedomyrma) turneri
  0.00	1	0	G	801	                  Symbiopectobacterium
  0.00	1	1	S	2871826	                    Symbiopectobacterium purcellii
  0.00	1	0	G	1906659	                  Candidatus Hoaglandella
  0.00	1	1	S	1778263	                    Candidatus Hoaglandella endobia
  0.00	7	0	G	1330545	              Lelliottia
  0.00	4	1	G1	2642424	                unclassified Lelliottia
  0.00	1	1	S	2067959	                  Lelliottia sp. AC1
  0.00	1	1	S	2153385	                  Lelliottia sp. WB101
  0.00	1	1	S	3110110	                  Lelliottia sp. JS-SCA-14
  0.00	3	3	S	61646	                Lelliottia amnigena
  0.00	6	1	G	579	              Kluyvera
  0.00	3	3	S	51288	                Kluyvera ascorbata
  0.00	2	2	S	61648	                Kluyvera intermedia
  0.00	6	1	G	620	              Shigella
  0.00	4	3	S	623	                Shigella flexneri
  0.00	1	1	S1	42897	                  Shigella flexneri 2a
  0.00	1	1	S	622	                Shigella dysenteriae
  0.00	6	0	G	2815296	              Jejubacter
  0.00	6	6	S	2579935	                Jejubacter calystegiae
  0.00	6	0	G	1330546	              Pluralibacter
  0.00	4	4	S	61647	                Pluralibacter gergoviae
  0.00	2	2	S	1334193	                [Enterobacter] lignolyticus
  0.00	4	3	G	82976	              Buttiauxella
  0.00	1	1	S	82977	                Buttiauxella agrestis
  0.00	4	0	G	158851	              Trabulsiella
  0.00	4	4	S	379893	                Trabulsiella odontotermitis
  0.00	3	0	G	1335483	              Shimwellia
  0.00	3	3	S	563	                Shimwellia blattae
  0.00	3	1	G	413496	              Cronobacter
  0.00	1	1	S	413503	                Cronobacter malonaticus
  0.00	1	0	S	1163710	                Cronobacter condimenti
  0.00	1	1	S1	1073999	                  Cronobacter condimenti 1330
  0.00	3	0	G	2726810	              Scandinavium
  0.00	3	3	S	1851514	                Scandinavium goeteborgense
  0.00	2	0	G	1649298	              Siccibacter
  0.00	2	2	S	1505757	                Siccibacter colletis
  0.00	2	0	G	2055880	              Pseudescherichia
  0.00	2	2	S	566	                Pseudescherichia vulneris
  0.00	2	0	G	158876	              Yokenella
  0.00	2	2	S	158877	                Yokenella regensburgei
  0.00	1	0	G	1903434	              Atlantibacter
  0.00	1	1	S	565	                Atlantibacter hermannii
  0.00	1	0	G	1504576	              Pseudocitrobacter
  0.00	1	1	S	2891570	                Pseudocitrobacter corydidari
  0.00	1	0	G	447792	              Phytobacter
  0.00	1	1	S	1972431	                Phytobacter ursingii
  0.00	1	0	G	1048757	              Candidatus Moranella
  0.00	1	1	S	1048758	                Candidatus Moranella endobia
  0.00	1	0	G	409304	              Candidatus Ishikawella
  0.00	1	0	S	168169	                Candidatus Ishikawella capsulata
  0.00	1	1	S1	476281	                  Candidatus Ishikawaella capsulata Mpkobe
  0.00	12	2	F	1903411	            Yersiniaceae
  0.00	8	2	G	613	              Serratia
  0.00	3	3	S	615	                Serratia marcescens
  0.00	2	1	S	138074	                Serratia symbiotica
  0.00	1	1	S1	3066236	                  Serratia symbiotica (Periphyllus acericola)
  0.00	1	1	S	137545	                Serratia quinivorans
  0.00	1	0	G	629	              Yersinia
  0.00	1	1	S	630	                Yersinia enterocolitica
  0.00	1	0	G	34037	              Rahnella
  0.00	1	1	S	2703885	                Rahnella aceris
  0.00	12	0	F	1903414	            Morganellaceae
  0.00	3	0	G	583	              Proteus
  0.00	1	1	S	584	                Proteus mirabilis
  0.00	1	1	S	585	                Proteus vulgaris
  0.00	1	1	S	1574161	                Proteus terrae
  0.00	3	2	G	586	              Providencia
  0.00	1	1	S	587	                Providencia rettgeri
  0.00	2	0	G	581	              Morganella
  0.00	2	2	S	582	                Morganella morganii
  0.00	2	0	G	626	              Xenorhabdus
  0.00	1	0	S	628	                Xenorhabdus nematophila
  0.00	1	1	S1	406817	                  Xenorhabdus nematophila ATCC 19061
  0.00	1	1	S	40576	                Xenorhabdus bovienii
  0.00	2	0	G	637	              Arsenophonus
  0.00	2	1	G1	2627083	                unclassified Arsenophonus
  0.00	1	1	S	1231049	                  Arsenophonus endosymbiont of Aphis craccivora
  0.00	11	0	F	1903409	            Erwiniaceae
  0.00	5	0	G	551	              Erwinia
  0.00	2	2	S	1922217	                Candidatus Erwinia haradaeae
  0.00	1	1	S	552	                Erwinia amylovora
  0.00	1	1	S	55211	                Erwinia persicina
  0.00	1	1	S	3062598	                Erwinia pyri
  0.00	4	1	G	53335	              Pantoea
  0.00	2	0	G1	1654067	                Pantoea agglomerans group
  0.00	2	1	S	549	                  Pantoea agglomerans
  0.00	1	1	S1	48984	                    Pantoea agglomerans pv. gypsophilae
  0.00	1	1	S	553	                Pantoea ananatis
  0.00	1	0	G	32199	              Buchnera
  0.00	1	0	S	9	                Buchnera aphidicola
  0.00	1	1	S1	118118	                  Buchnera aphidicola (Uroleucon sonchi)
  0.00	1	0	G	2997349	              Winslowiella
  0.00	1	1	S	92490	                Winslowiella toletana
  0.00	8	0	F	1903410	            Pectobacteriaceae
  0.00	5	1	G	122277	              Pectobacterium
  0.00	1	1	S	3073862	                Pectobacterium araliae
  0.00	1	1	S	69221	                Pectobacterium cacticida
  0.00	1	1	S	180957	                Pectobacterium brasiliense
  0.00	1	1	S	1905730	                Pectobacterium parmentieri
  0.00	1	0	G	204037	              Dickeya
  0.00	1	1	S	1778540	                Dickeya fangzhongdai
  0.00	1	0	G	1082702	              Lonsdalea
  0.00	1	1	S	1172565	                Lonsdalea populi
  0.00	1	0	G	2884243	              Musicola
  0.00	1	1	S	69223	                Musicola paradisiaca
  0.00	5	0	F	2812006	            Bruguierivoracaceae
  0.00	5	2	G	84565	              Sodalis
  0.00	1	1	S	1239307	                Sodalis praecaptivus
  0.00	1	0	S	1486991	                Candidatus Sodalis pierantonius
  0.00	1	1	S1	2342	                  Candidatus Sodalis pierantonius str. SOPE
  0.00	1	0	G1	2636512	                unclassified Sodalis
  0.00	1	1	S	1929246	                  Sodalis endosymbiont of Henestaris halophilus
  0.00	1	0	F	1903412	            Hafniaceae
  0.00	1	0	G	635	              Edwardsiella
  0.00	1	0	S	636	                Edwardsiella tarda
  0.00	1	1	S1	667121	                  Edwardsiella tarda ATCC 15947 = NBRC 105688
  0.00	1	0	F	1903416	            Budviciaceae
  0.00	1	0	G	82980	              Leminorella
  0.00	1	1	S	158841	                Leminorella richardii
  0.00	9	0	O	135619	          Oceanospirillales
  0.00	9	0	F	135620	            Oceanospirillaceae
  0.00	8	0	G	515417	              Amphritea
  0.00	7	7	S	452627	                Amphritea japonica
  0.00	1	1	S	355243	                Amphritea atlantica
  0.00	1	0	G	28253	              Marinomonas
  0.00	1	1	S	2773454	                Marinomonas algicola
  0.00	3	0	O	135625	          Pasteurellales
  0.00	3	2	F	712	            Pasteurellaceae
  0.00	1	1	G	75984	              Mannheimia
  0.00	3	0	O	135623	          Vibrionales
  0.00	3	0	F	641	            Vibrionaceae
  0.00	2	0	G	662	              Vibrio
  0.00	1	1	S	666	                Vibrio cholerae
  0.00	1	0	G1	717610	                Vibrio harveyi group
  0.00	1	1	S	669	                  Vibrio harveyi
  0.00	1	0	G	51366	              Salinivibrio
  0.00	1	1	S	1908198	                Salinivibrio kushneri
  0.00	3	0	O	135618	          Methylococcales
  0.00	3	0	F	403	            Methylococcaceae
  0.00	3	0	G	416	              Methylomonas
  0.00	3	0	G1	2608980	                unclassified Methylomonas
  0.00	3	3	S	107637	                  Methylomonas sp. LW13
  0.00	2	0	O	72273	          Thiotrichales
  0.00	2	0	F	34064	            Francisellaceae
  0.00	2	0	G	262	              Francisella
  0.00	2	2	S	2016517	                Francisella opportunistica
  0.00	2	0	O	1240482	          Orbales
  0.00	2	0	F	1240483	            Orbaceae
  0.00	1	0	G	1193503	              Gilliamella
  0.00	1	0	G1	2685620	                unclassified Gilliamella
  0.00	1	1	S	2704654	                  Gilliamella sp. ESL0441
  0.00	1	0	G	2894762	              Zophobihabitans
  0.00	1	1	S	1635327	                Zophobihabitans entericus
  0.00	2	0	O	135624	          Aeromonadales
  0.00	2	0	F	84642	            Aeromonadaceae
  0.00	2	0	G	642	              Aeromonas
  0.00	1	1	S	652	                Aeromonas schubertii
  0.00	1	1	S	654	                Aeromonas veronii
  0.00	1	0	O	135614	          Lysobacterales
  0.00	1	0	F	32033	            Lysobacteraceae
  0.00	1	1	G	40323	              Stenotrophomonas
  0.00	1	0	O	135613	          Chromatiales
  0.00	1	0	F	1046	            Chromatiaceae
  0.00	1	0	G	67575	              Rheinheimera
  0.00	1	0	G1	115860	                unclassified Rheinheimera
  0.00	1	1	S	3019969	                  Rheinheimera sp. MM224
  0.00	1	0	O	135622	          Alteromonadales
  0.00	1	0	F	267888	            Pseudoalteromonadaceae
  0.00	1	0	G	53246	              Pseudoalteromonas
  0.00	1	1	S	43658	                Pseudoalteromonas rubra
  0.00	1	0	O	118969	          Legionellales
  0.00	1	0	F	444	            Legionellaceae
  0.00	1	0	G	445	              Legionella
  0.00	1	1	S	449	                Legionella hackeliae
  0.00	1	0	O	2887326	          Moraxellales
  0.00	1	0	F	468	            Moraxellaceae
  0.00	1	0	G	469	              Acinetobacter
  0.00	1	0	G1	196816	                unclassified Acinetobacter
  0.00	1	1	S	1827285	                  Acinetobacter sp. MYb10
  0.00	13	0	C	28211	        Alphaproteobacteria
  0.00	8	0	O	356	          Hyphomicrobiales
  0.00	5	0	F	82115	            Rhizobiaceae
  0.00	3	0	G	34019	              Liberibacter
  0.00	3	3	S	1273132	                Liberibacter crescens
  0.00	2	0	F1	227290	              Rhizobium/Agrobacterium group
  0.00	2	0	G	357	                Agrobacterium
  0.00	1	1	S	160699	                  Agrobacterium larrymoorei
  0.00	1	1	S	648995	                  Agrobacterium pusense
  0.00	2	0	F	2821832	            Stappiaceae
  0.00	2	0	G	150830	              Roseibium
  0.00	2	0	G1	1936170	                environmental samples
  0.00	2	2	S	1936171	                  uncultured Roseibium sp.
  0.00	1	0	F	118882	            Brucellaceae
  0.00	1	0	F1	2826938	              Brucella/Ochrobactrum group
  0.00	1	0	G	234	                Brucella
  0.00	1	0	G1	2632610	                  unclassified Brucella
  0.00	1	1	S	3142977	                    Brucella sp. BE17
  0.00	4	0	O	204457	          Sphingomonadales
  0.00	4	0	F	41297	            Sphingomonadaceae
  0.00	2	0	G	2676233	              Sphingosinithalassobacter
  0.00	2	2	S	2711215	                Sphingosinithalassobacter tenebrarum
  0.00	1	0	G	165696	              Novosphingobium
  0.00	1	0	G1	2644732	                unclassified Novosphingobium
  0.00	1	1	S	3025670	                  Novosphingobium sp. KACC 22771
  0.00	1	0	G	1649486	              Rhizorhabdus
  0.00	1	1	S	160791	                Rhizorhabdus wittichii
  0.00	1	0	O	204455	          Rhodobacterales
  0.00	1	0	F	2854170	            Roseobacteraceae
  0.00	1	0	G	302485	              Phaeobacter
  0.00	1	1	S	60890	                Phaeobacter gallaeciensis
  0.00	7	1	C	28216	        Betaproteobacteria
  0.00	4	1	O	80840	          Burkholderiales
  0.00	2	0	F	119060	            Burkholderiaceae
  0.00	1	0	G	44013	              Polynucleobacter
  0.00	1	1	S	2527775	                Polynucleobacter paneuropaeus
  0.00	1	0	G	106589	              Cupriavidus
  0.00	1	1	S	164546	                Cupriavidus taiwanensis
  0.00	1	0	F	506	            Alcaligenaceae
  0.00	1	0	G	222	              Achromobacter
  0.00	1	1	S	217204	                Achromobacter insolitus
  0.00	1	0	O	32003	          Nitrosomonadales
  0.00	1	0	F	32011	            Methylophilaceae
  0.00	1	0	G	404	              Methylobacillus
  0.00	1	0	S	405	                Methylobacillus flagellatus
  0.00	1	1	S1	265072	                  Methylobacillus flagellatus KT
  0.00	1	0	O	206351	          Neisseriales
  0.00	1	0	F	1499392	            Chromobacteriaceae
  0.00	1	0	G	400060	              Paludibacterium
  0.00	1	0	G1	2618429	                unclassified Paludibacterium
  0.00	1	1	S	2806263	                  Paludibacterium sp. B53371
  0.01	44	0	D1	1783270	      FCB group
  0.01	44	0	D2	68336	        Bacteroidota/Chlorobiota group
  0.01	44	0	P	976	          Bacteroidota
  0.00	16	0	C	117743	            Flavobacteriia
  0.00	16	0	O	200644	              Flavobacteriales
  0.00	11	0	F	49546	                Flavobacteriaceae
  0.00	3	0	G	2861660	                  Pseudalgibacter
  0.00	3	3	S	1736674	                    Pseudalgibacter alginicilyticus
  0.00	3	3	G	237	                  Flavobacterium
  0.00	2	0	G	104267	                  Tenacibaculum
  0.00	1	1	S	2781243	                    Tenacibaculum finnmarkense
  0.00	1	1	S	3038772	                    Tenacibaculum tangerinum
  0.00	1	0	G	286104	                  Winogradskyella
  0.00	1	0	G1	2615021	                    unclassified Winogradskyella
  0.00	1	1	S	754417	                      Winogradskyella sp. PC-19
  0.00	1	0	G	261827	                  Algibacter
  0.00	1	0	G1	2615009	                    unclassified Algibacter
  0.00	1	1	S	2686365	                      Algibacter sp. L1A34
  0.00	1	0	G	76831	                  Myroides
  0.00	1	1	S	2572594	                    Myroides fluvii
  0.00	4	0	F	2762318	                Weeksellaceae
  0.00	2	0	F1	2782232	                  Chryseobacterium group
  0.00	2	0	G	59732	                    Chryseobacterium
  0.00	2	2	S	1807141	                      Chryseobacterium panacisoli
  0.00	1	1	G	308865	                  Elizabethkingia
  0.00	1	0	G	1778601	                  Apibacter
  0.00	1	1	S	2500547	                    Apibacter raozihei
  0.00	1	0	F	39782	                Blattabacteriaceae
  0.00	1	0	G	34098	                  Blattabacterium
  0.00	1	1	S	1653831	                    Blattabacterium cuenoti
  0.00	15	0	C	200643	            Bacteroidia
  0.00	14	0	O	171549	              Bacteroidales
  0.00	10	0	F	815	                Bacteroidaceae
  0.00	6	0	G	816	                  Bacteroides
  0.00	4	0	S	817	                    Bacteroides fragilis
  0.00	4	4	S1	862962	                      Bacteroides fragilis 638R
  0.00	2	2	S	371601	                    Bacteroides xylanisolvens
  0.00	4	1	G	909656	                  Phocaeicola
  0.00	3	3	S	387090	                    Phocaeicola coprophilus
  0.00	2	0	F	171552	                Prevotellaceae
  0.00	2	0	G	2974251	                  Segatella
  0.00	2	2	S	165179	                    Segatella copri
  0.00	1	0	F	2005473	                Muribaculaceae
  0.00	1	0	G	1918540	                  Muribaculum
  0.00	1	1	S	2530390	                    Muribaculum gordoncarteri
  0.00	1	0	F	2005525	                Tannerellaceae
  0.00	1	0	G	375288	                  Parabacteroides
  0.00	1	1	S	823	                    Parabacteroides distasonis
  0.00	1	0	O	1970189	              Marinilabiliales
  0.00	1	0	F	1471398	                Prolixibacteraceae
  0.00	1	0	G	2792393	                  Aquipluma
  0.00	1	1	S	2010828	                    Aquipluma nitroreducens
  0.00	5	0	C	768503	            Cytophagia
  0.00	5	0	O	768507	              Cytophagales
  0.00	3	0	F	1937968	                Bernardetiaceae
  0.00	3	0	G	1937972	                  Bernardetia
  0.00	3	0	G1	2647129	                    unclassified Bernardetia
  0.00	3	3	S	3127471	                      Bernardetia sp. Wsw4-3y2
  0.00	2	0	F	1853232	                Hymenobacteraceae
  0.00	2	0	G	323449	                  Pontibacter
  0.00	2	2	S	388950	                    Pontibacter akesuensis
  0.00	5	0	C	1853228	            Chitinophagia
  0.00	5	0	O	1853229	              Chitinophagales
  0.00	5	0	F	563835	                Chitinophagaceae
  0.00	4	0	G	79328	                  Chitinophaga
  0.00	4	4	S	104663	                    Chitinophaga filiformis
  0.00	1	0	G	1769012	                  Arachidicoccus
  0.00	1	1	S	2875539	                    Arachidicoccus terrestris
  0.00	2	0	C	117747	            Sphingobacteriia
  0.00	2	0	O	200666	              Sphingobacteriales
  0.00	2	0	F	84566	                Sphingobacteriaceae
  0.00	2	0	G	423349	                  Mucilaginibacter
  0.00	2	2	S	551996	                    Mucilaginibacter gossypii
  0.00	1	0	C	1937959	            Saprospiria
  0.00	1	0	O	1936988	              Saprospirales
  0.00	1	0	F	89374	                Saprospiraceae
  0.00	1	0	G	1007	                  Saprospira
  0.00	1	1	S	1008	                    Saprospira grandis
  0.00	8	0	P	32066	      Fusobacteriota
  0.00	8	0	C	203490	        Fusobacteriia
  0.00	8	0	O	203491	          Fusobacteriales
  0.00	8	0	F	203492	            Fusobacteriaceae
  0.00	8	2	G	848	              Fusobacterium
  0.00	3	3	S	2663009	                Fusobacterium pseudoperiodonticum
  0.00	2	0	S	850	                Fusobacterium mortiferum
  0.00	2	2	S1	469616	                  Fusobacterium mortiferum ATCC 9817
  0.00	1	0	S	155615	                Fusobacterium vincentii
  0.00	1	1	S1	1307427	                  Fusobacterium vincentii ChDC F8
  0.00	6	0	P	203691	      Spirochaetota
  0.00	6	0	C	203692	        Spirochaetia
  0.00	4	0	O	136	          Spirochaetales
  0.00	2	0	F	1643685	            Borreliaceae
  0.00	2	0	G	138	              Borrelia
  0.00	2	0	G1	2649934	                unclassified Borrelia
  0.00	2	2	S	2887345	                  Borrelia sp. BU AG58
  0.00	1	0	F	2791015	            Sphaerochaetaceae
  0.00	1	0	G	399320	              Sphaerochaeta
  0.00	1	0	G1	886477	                environmental samples
  0.00	1	1	S	886478	                  uncultured Sphaerochaeta sp.
  0.00	1	0	F	2845253	            Treponemataceae
  0.00	1	0	G	157	              Treponema
  0.00	1	1	S	409322	                Treponema pedis
  0.00	2	0	O	1643688	          Leptospirales
  0.00	2	0	F	170	            Leptospiraceae
  0.00	2	0	G	171	              Leptospira
  0.00	2	2	S	28183	                Leptospira santarosai
  0.00	6	0	P	29547	      Campylobacterota
  0.00	6	0	C	3031852	        Epsilonproteobacteria
  0.00	6	1	O	213849	          Campylobacterales
  0.00	4	0	F	2808963	            Arcobacteraceae
  0.00	4	0	G	2321111	              Aliarcobacter
  0.00	3	3	S	28197	                Aliarcobacter butzleri
  0.00	1	0	S	708186	                Aliarcobacter trophiarum
  0.00	1	1	S1	1032241	                  Aliarcobacter trophiarum LMG 25534
  0.00	1	0	F	72294	            Campylobacteraceae
  0.00	1	1	G	194	              Campylobacter
  0.00	5	0	D1	1783257	      PVC group
  0.00	3	0	P	203682	        Planctomycetota
  0.00	3	0	C	203683	          Planctomycetia
  0.00	2	0	O	112	            Planctomycetales
  0.00	2	0	F	126	              Planctomycetaceae
  0.00	1	0	G	118	                Planctomyces
  0.00	1	0	G1	2648843	                  unclassified Planctomyces
  0.00	1	1	S	1632864	                    Planctomyces sp. SH-PL14
  0.00	1	0	G	2795777	                Maioricimonas
  0.00	1	1	S	2528026	                  Maioricimonas rarisocia
  0.00	1	0	O	2691354	            Pirellulales
  0.00	1	0	F	2691357	              Pirellulaceae
  0.00	1	0	G	2795973	                Stieleria
  0.00	1	1	S	2795974	                  Stieleria maiorica
  0.00	1	0	P	74201	        Verrucomicrobiota
  0.00	1	0	C	203494	          Verrucomicrobiia
  0.00	1	0	O	48461	            Verrucomicrobiales
  0.00	1	0	F	1647988	              Akkermansiaceae
  0.00	1	0	G	239934	                Akkermansia
  0.00	1	1	S	239935	                  Akkermansia muciniphila
  0.00	1	0	P	204428	        Chlamydiota
  0.00	1	0	C	204429	          Chlamydiia
  0.00	1	0	O	1963360	            Parachlamydiales
  0.00	1	0	F	92713	              Parachlamydiaceae
  0.00	1	1	G	282132	                Candidatus Protochlamydia
  0.00	4	0	P	200940	      Thermodesulfobacteriota
  0.00	3	0	C	67799	        Thermodesulfobacteria
  0.00	3	0	O	188710	          Thermodesulfobacteriales
  0.00	3	0	F	188711	            Thermodesulfobacteriaceae
  0.00	3	0	G	1740	              Thermodesulfobacterium
  0.00	3	0	G1	2638574	                unclassified Thermodesulfobacterium
  0.00	3	3	S	2234087	                  Thermodesulfobacterium sp. TA1
  0.00	1	0	C	3031646	        Desulfarculia
  0.00	1	0	O	453227	          Desulfarculales
  0.00	1	0	F	453228	            Desulfarculaceae
  0.00	1	0	G	453229	              Desulfarculus
  0.00	1	0	S	453230	                Desulfarculus baarsii
  0.00	1	1	S1	644282	                  Desulfarculus baarsii DSM 2075
  0.00	4	0	P	508458	      Synergistota
  0.00	4	0	C	649775	        Synergistia
  0.00	4	0	O	649776	          Synergistales
  0.00	4	0	F	3029088	            Dethiosulfovibrionaceae
  0.00	4	0	G	638847	              Pyramidobacter
  0.00	4	0	G1	2632171	                unclassified Pyramidobacter
  0.00	4	4	S	3068894	                  Pyramidobacter sp. YE332
  0.00	2	0	P	3002442	      Thermodesulfobiota
  0.00	2	0	C	3002443	        Thermodesulfobiia
  0.00	2	0	O	3002444	          Thermodesulfobiales
  0.00	2	0	F	227387	            Thermodesulfobiaceae
  0.00	2	0	G	227388	              Thermodesulfobium
  0.00	2	2	S	1794699	                Thermodesulfobium acidiphilum
  5.30	24366	0	D	2759	    Eukaryota
  5.30	24366	0	D1	33154	      Opisthokonta
  5.30	24366	0	K	33208	        Metazoa
  5.30	24366	0	K1	6072	          Eumetazoa
  5.30	24366	0	K2	33213	            Bilateria
  5.30	24366	0	K3	33511	              Deuterostomia
  5.30	24366	0	P	7711	                Chordata
  5.30	24366	0	P1	89593	                  Craniata
  5.30	24366	0	P2	7742	                    Vertebrata
  5.30	24366	0	P3	7776	                      Gnathostomata
  5.30	24366	0	P4	117570	                        Teleostomi
  5.30	24366	0	P5	117571	                          Euteleostomi
  5.30	24366	0	P6	8287	                            Sarcopterygii
  5.30	24366	0	P7	1338369	                              Dipnotetrapodomorpha
  5.30	24366	0	P8	32523	                                Tetrapoda
  5.30	24366	0	P9	32524	                                  Amniota
  5.30	24366	0	C	40674	                                    Mammalia
  5.30	24366	0	C1	32525	                                      Theria
  5.30	24366	0	C2	9347	                                        Eutheria
  5.30	24366	0	C3	1437010	                                          Boreoeutheria
  5.30	24366	0	C4	314146	                                            Euarchontoglires
  5.30	24366	0	O	9443	                                              Primates
  5.30	24366	0	O1	376913	                                                Haplorrhini
  5.30	24366	0	O2	314293	                                                  Simiiformes
  5.30	24366	0	O3	9526	                                                    Catarrhini
  5.30	24366	0	O4	314295	                                                      Hominoidea
  5.30	24366	0	F	9604	                                                        Hominidae
  5.30	24366	0	F1	207598	                                                          Homininae
  5.30	24366	0	G	9605	                                                            Homo
  5.30	24366	24366	S	9606	                                                              Homo sapiens
  0.00	10	0	D	2157	    Archaea
  0.00	8	0	P	28890	      Euryarchaeota
  0.00	5	0	P1	2290931	        Stenosarchaea group
  0.00	3	0	C	183963	          Halobacteria
  0.00	3	0	O	2235	            Halobacteriales
  0.00	1	0	F	1644061	              Natrialbaceae
  0.00	1	0	G	121871	                Haloterrigena
  0.00	1	1	S	2675099	                  Haloterrigena salifodinae
  0.00	1	0	F	1963268	              Haloarculaceae
  0.00	1	0	G	2237	                Haloarcula
  0.00	1	0	G1	2624677	                  unclassified Haloarcula
  0.00	1	1	S	3111776	                    Haloarcula sp. GH36
  0.00	1	0	F	3064797	              Haladaptataceae
  0.00	1	0	G	1070314	                Halorussus
  0.00	1	1	S	3034024	                  Halorussus lipolyticus
  0.00	2	0	C	224756	          Methanomicrobia
  0.00	2	0	O	2191	            Methanomicrobiales
  0.00	1	0	F	2194	              Methanomicrobiaceae
  0.00	1	1	G	45989	                Methanoculleus
  0.00	1	0	F	88404	              Methanocorpusculaceae
  0.00	1	0	G	2192	                Methanocorpusculum
  0.00	1	0	G1	176308	                  environmental samples
  0.00	1	1	S	176309	                    uncultured Methanocorpusculum sp.
  0.00	3	0	P1	2283794	        Methanomada group
  0.00	3	0	C	183939	          Methanococci
  0.00	3	0	O	2182	            Methanococcales
  0.00	3	0	F	196117	              Methanocaldococcaceae
  0.00	3	0	G	196118	                Methanocaldococcus
  0.00	3	0	G1	2641196	                  unclassified Methanocaldococcus
  0.00	3	3	S	644281	                    Methanocaldococcus sp. FS406-22
  0.00	2	0	D1	1783275	      TACK group
  0.00	2	0	P	651137	        Nitrososphaerota
  0.00	2	0	C	1643678	          Nitrososphaeria
  0.00	2	0	O	31932	            Nitrosopumilales
  0.00	2	0	F	338190	              Nitrosopumilaceae
  0.00	2	0	G	338191	                Nitrosopumilus
  0.00	2	2	S	1959104	                  Nitrosopumilus oxyclinae
  0.00	2	0	D	10239	  Viruses
  0.00	1	0	D1	2732004	    Varidnaviria
  0.00	1	0	K	2732005	      Bamfordvirae
  0.00	1	0	P	2732007	        Nucleocytoviricota
  0.00	1	0	C	2732525	          Pokkesviricetes
  0.00	1	0	O	2732527	            Chitovirales
  0.00	1	0	F	10240	              Poxviridae
  0.00	1	0	F1	10241	                Chordopoxvirinae
  0.00	1	0	G	2733301	                  Vespertilionpoxvirus
  0.00	1	1	S	1329402	                    Eptesipox virus
  0.00	1	0	D1	2731341	    Duplodnaviria
  0.00	1	0	K	2731360	      Heunggongvirae
  0.00	1	0	P	2731618	        Uroviricota
  0.00	1	0	C	2731619	          Caudoviricetes
  0.00	1	0	G	2733108	            Lagaffevirus
  0.00	1	0	S	2734112	              Lagaffevirus lagaffe
  0.00	1	1	S1	2070183	                Faecalibacterium phage FP_Lagaffe
